{
  "function_types": [
    "continuous",
    "step",
    "barrier",
    "divide_by_zero",
    "oscillatory"
  ],
  "classical": {
    "mean": [
      NaN,
      NaN,
      NaN,
      NaN,
      NaN
    ],
    "std": [
      NaN,
      NaN,
      NaN,
      NaN,
      NaN
    ],
    "min": [
      NaN,
      NaN,
      NaN,
      NaN,
      NaN
    ],
    "execution_time": [
      NaN,
      NaN,
      NaN,
      NaN,
      NaN
    ],
    "error_rate": [
      1.0,
      1.0,
      1.0,
      1.0,
      1.0
    ]
  },
  "quantum": {
    "mean": [
      0.7483680555555556,
      1.2160373263888888,
      138672.6276388889,
      1.1533756543302103,
      1.3043489436092717
    ],
    "std": [
      0.4745461187873058,
      0.6785909563991703,
      345603.63358319993,
      0.758136325087779,
      0.8949169385099691
    ],
    "min": [
      0.008888888888888885,
      0.008888888888888885,
      0.044444444444444425,
      0.18535947709304115,
      -0.9144798309278493
    ],
    "execution_time": [
      0.008948326110839844,
      0.006268024444580078,
      0.006058931350708008,
      0.0059661865234375,
      0.0064258575439453125
    ],
    "error_rate": [
      0.0,
      0.0,
      0.0,
      0.0,
      0.0
    ]
  }
}