{
  "iterations": [
    500,
    1000,
    2000,
    4000
  ],
  "distributions": [
    "uniform",
    "normal",
    "exponential"
  ],
  "quantum_mean": {
    "uniform": [
      3.0553356481481484,
      2.9516666666666667,
      2.988020833333333,
      3.0600289351851853
    ],
    "normal": [
      3.0031828703703707,
      2.989016203703704,
      3.084021990740741,
      3.0026041666666665
    ],
    "exponential": [
      2.927974537037038,
      3.0514236111111117,
      3.0154918981481487,
      2.9851388888888892
    ]
  },
  "classical_mean": {
    "uniform": [
      2.6806157647187328,
      2.6894230450608614,
      2.696602252478577,
      2.641245057466083
    ],
    "normal": [
      2.6234796373635465,
      2.6054457943461116,
      2.687906763163156,
      2.669423026861478
    ],
    "exponential": [
      2.6435938989180605,
      2.6646325017948627,
      2.674808444981244,
      2.6454156957912174
    ]
  },
  "quantum_std": {
    "uniform": [
      2.0331543830796193,
      2.048204542718367,
      2.047859777728935,
      2.065470325271383
    ],
    "normal": [
      2.0325721985005702,
      1.995293174155263,
      2.0479369299316246,
      2.0065776415968433
    ],
    "exponential": [
      1.9917848440176815,
      2.0610637290516656,
      2.0690424011219464,
      1.989346736110462
    ]
  },
  "classical_std": {
    "uniform": [
      1.7575461027915538,
      1.855660771136332,
      1.8301554721282824,
      1.7954929300844222
    ],
    "normal": [
      1.7438354891153807,
      1.824112316820577,
      1.8296290768597157,
      1.8034352439380088
    ],
    "exponential": [
      1.7373694538493984,
      1.8314281943548878,
      1.8323810425179434,
      1.7872750587756974
    ]
  },
  "quantum_time": {
    "uniform": [
      0.014358043670654297,
      0.006920337677001953,
      0.006525437037150065,
      0.006493409474690755
    ],
    "normal": [
      0.006368954976399739,
      0.006324927012125651,
      0.006243387858072917,
      0.006038347880045573
    ],
    "exponential": [
      0.006235678990681966,
      0.005993207295735677,
      0.005873680114746094,
      0.006428639094034831
    ]
  },
  "classical_time": {
    "uniform": [
      0.0016109148661295574,
      0.003023544947306315,
      0.005532582600911458,
      0.010950962702433268
    ],
    "normal": [
      0.001329342524210612,
      0.0027403036753336587,
      0.005320390065511067,
      0.010572592417399088
    ],
    "exponential": [
      0.0014163653055826824,
      0.002742211023966471,
      0.005348920822143555,
      0.010571638743082682
    ]
  },
  "speedup": {
    "uniform": [
      0.1482872334887844,
      0.4381353425746673,
      0.8485705479049215,
      1.687631521974233
    ],
    "normal": [
      0.20872180318754033,
      0.4345159319231458,
      0.8521960598602206,
      1.753681432929375
    ],
    "exponential": [
      0.22814181459484262,
      0.4576594577083246,
      0.9108421287983507,
      1.6489441993640501
    ]
  },
  "mean_diff": {
    "uniform": [
      0.37471988342941565,
      0.2622436216058053,
      0.291418580854756,
      0.4187838777191022
    ],
    "normal": [
      0.3797032330068242,
      0.38357040935759246,
      0.39611522757758477,
      0.3331811398051885
    ],
    "exponential": [
      0.2843806381189773,
      0.38679110931624905,
      0.34068345316690474,
      0.33972319309767185
    ]
  },
  "std_ratio": {
    "uniform": [
      1.1568142536063835,
      1.1037602209288118,
      1.1189539953933447,
      1.1503639422151704
    ],
    "normal": [
      1.1655756584766268,
      1.0938433756277979,
      1.1193180933955214,
      1.1126419140036599
    ],
    "exponential": [
      1.1464371263144912,
      1.125386043200927,
      1.1291551009929668,
      1.1130613199924504
    ]
  }
}